IdFood,Protein,Fat,Glucin,Topsis Score,Rank
24,4,5,12,0.8696255470432932,1
25,5,6,9,0.5686271625088178,3
26,3,7,10,0.6719595751978379,2
27,5,6,8,0.43137283749118194,4
28,7,5,6,0.22280006051463788,6
29,4,5,6,0.14815804077701533,7
30,3,6,7,0.2780925083061193,5
31,4,5,5,0.047101023147102634,9
32,3,5,6,0.13964043683926777,8
